<?xml version="1.0" encoding="UTF-8"?>
<manifest>

  <remote fetch="https://github.com/couchbase/" name="couchbase"/>
  <remote fetch="https://github.com/couchbaselabs/" name="couchbaselabs"/>
  <remote fetch="https://github.com/couchbasedeps/" name="couchbasedeps"/>

  <remote fetch="https://github.com/tleyden/" name="tleyden"/>

  <remote fetch="ssh://git@github.com/couchbaselabs/" name="couchbaselabs_private" />
  
  <default remote="couchbase" revision="master"/>

  <!-- Build Scripts (required on CI servers) -->
  <project name="product-texts" path="product-texts" remote="couchbase"/>
  <project name="build" path="cbbuild" remote="couchbase">
    <annotation name="VERSION" value="2.7.0"     keep="true"/>
    <annotation name="BLD_NUM" value="@BLD_NUM@" keep="true"/>
    <annotation name="RELEASE" value="@RELEASE@" keep="true"/>
  </project>

  
  <!-- Sync Gateway -->
  <project name="sync_gateway" path="godeps/src/github.com/couchbase/sync_gateway" remote="couchbase" />
  
  <!-- Dependencies for Sync Gateway (and possibly Sync Gateway Accel too) -->

  <project name="go.assert" path="godeps/src/github.com/couchbaselabs/go.assert" remote="couchbaselabs" revision="cfb33e3a0dac05ae1ecbc0e97188c5cf746a1b78"/>

  <project name="retriever" path="godeps/src/github.com/couchbase/retriever" remote="couchbase" revision="19c5a5d92a2f34fb96ae91d26901e4a7076b8020"/>

  <project name="sync_gateway_admin_ui" path="godeps/src/github.com/couchbaselabs/sync_gateway_admin_ui" revision="93c74bac9ddc2979ab895a37087c225c998b03bf" remote="couchbaselabs"/>

  <project name="walrus" path="godeps/src/github.com/couchbaselabs/walrus" remote="couchbaselabs" revision="f1b8a89d740738af8cc69efa090b99d34579cd31"/>

  <project name="go-couchbase" path="godeps/src/github.com/couchbase/go-couchbase" remote="couchbase" revision="4fab5d18974b2155cd9986ecf8e0f1b898da38df"/>

  <project name="gocb" path="godeps/src/github.com/couchbase/gocb" remote="couchbase" revision="d46732ea85f0ca44f82842ca2996bd2a21995172"/>

  <project name="gocbcore" path="godeps/src/gopkg.in/couchbase/gocbcore.v7" remote="couchbase" revision="5905fd813f0ec718a59374725efaab4993560436"/>

  <project name="jsonx" path="godeps/src/gopkg.in/couchbaselabs/jsonx.v1" remote="couchbaselabs" revision="5b7baa20429a46a5543ee259664cc86502738cad"/>

  <project name="gocbconnstr" path="godeps/src/gopkg.in/couchbaselabs/gocbconnstr.v1" remote="couchbaselabs" revision="3c902e3ed6c25b53d53f6a9d26cc4f7a85c0fcf8"/>

  <project name="gomemcached" path="godeps/src/github.com/couchbase/gomemcached" remote="couchbase" revision="0da75df145308b9a4e6704d762ca9d9b77752efc"/>

  <project name="sg-bucket" path="godeps/src/github.com/couchbase/sg-bucket" remote="couchbase" revision="e3767aa427bf68885260f46d406627edd7982774"/>

  <project name="go-bindata-assetfs" path="godeps/src/github.com/elazarl/go-bindata-assetfs" remote="couchbasedeps" revision="30f82fa23fd844bd5bb1e5f216db87fd77b5eb43"/>

  <project name="context" path="godeps/src/github.com/gorilla/context" remote="couchbasedeps" revision="215affda49addc4c8ef7e2534915df2c8c35c6cd"/>

  <project name="mux" path="godeps/src/github.com/gorilla/mux" remote="couchbasedeps" revision="043ee6597c29786140136a5747b6a886364f5282"/>

  <project name="npipe" path="godeps/src/github.com/natefinch/npipe" remote="couchbasedeps" revision="0938d701e50e580f5925c773055eb6d6b32a0cbc"/>

  <project name="lumberjack" path="godeps/src/github.com/natefinch/lumberjack" remote="couchbasedeps" revision="aee4629129445bbdfb69aa565537dcfa16544311"/>

  <project name="otto" path="godeps/src/github.com/robertkrimen/otto" remote="couchbasedeps" revision="a813c59b1b4471ff7ecd3b533bac2f7e7d178784"/>

  <project name="go-metrics-1" path="godeps/src/github.com/samuel/go-metrics" remote="couchbasedeps" revision="52e6232924c9e785c3c4117b63a3e58b1f724544"/>

  <project name="fakehttp" path="godeps/src/github.com/tleyden/fakehttp" remote="tleyden" revision="084795c8f01f195a88c0ca4af0d7228a5ef40c83"/>

  <project name="text" path="godeps/src/golang.org/x/text" remote="couchbasedeps" revision="release-branch.go1.11"/>

  <project name="net" path="godeps/src/golang.org/x/net" remote="couchbasedeps" revision="release-branch.go1.11"/>

  <project name="sys" path="godeps/src/golang.org/x/sys" remote="couchbasedeps" revision="release-branch.go1.11"/>

  <project name="crypto" path="godeps/src/golang.org/x/crypto" remote="couchbasedeps" revision="release-branch.go1.11"/>

  <project name="sg-replicate" path="godeps/src/github.com/couchbaselabs/sg-replicate" remote="couchbaselabs" revision="d6eb45633e5784f5161973b04317e192931972a3"/>

  <project name="clog" path="godeps/src/github.com/couchbase/clog" remote="couchbase" revision="dcae66272b24600ae0005fa06b511cfae8914d3d"/>

  <project name="service" path="godeps/src/github.com/kardianos/service" remote="couchbasedeps" revision="2954cfdd7b0c8ab45ef2aa22a44b5f086201836f"/>

  <project name="osext" path="godeps/src/github.com/kardianos/osext" remote="couchbasedeps" revision="29ae4ffbc9a6fe9fb2bc5029050ce6996ea1d3bc"/>

  <project name="go-oidc" path="godeps/src/github.com/coreos/go-oidc" remote="couchbasedeps" revision="5aa9381f6e998aa16cc96b4347d33dcc29792864"/>

  <project name="go-systemd" path="godeps/src/github.com/coreos/go-systemd" remote="couchbasedeps" revision="1d9051fe7a349daf6dac904c0b277c3520c09368"/>

  <project name="pkg" path="godeps/src/github.com/coreos/pkg" remote="couchbasedeps" revision="160ae6282d8c48a33d8c150e4e4817fdef8a5cde"/>

  <project name="clockwork" path="godeps/src/github.com/jonboulle/clockwork" remote="couchbasedeps" revision="ed104f61ea4877bea08af6f759805674861e968d"/>

  <project name="goutils" path="godeps/src/github.com/couchbase/goutils" remote="couchbase" revision="f98adca8eb365032cab838ef4d99453931afa112"/>

  <project name="go-blip" path="godeps/src/github.com/couchbase/go-blip" remote="couchbase" revision="e3991efe0dd967e665fffd948d11894370c4d78e"/>

  <project name="errors" path="godeps/src/github.com/pkg/errors" remote="couchbasedeps" revision="f15c970de5b76fac0b59abb32d62c17cc7bed265"/>

  <project name="sourcemap" path="godeps/src/gopkg.in/sourcemap.v1" remote="couchbasedeps" revision="6e83acea0053641eff084973fee085f0c193c61a"/>

  <project name="uuid" path="godeps/src/github.com/google/uuid" remote="couchbasedeps" revision="e704694aed0ea004bb7eb1fc2e911d048a54606a"/>

  <project name="opentracing-go" path="godeps/src/github.com/opentracing/opentracing-go" remote="couchbasedeps" revision="6c572c00d1830223701e155de97408483dfcd14a"/>

  <project name="testify" path="godeps/src/github.com/stretchr/testify" remote="couchbasedeps" revision="04af85275a5c7ac09d16bb3b9b2e751ed45154e5"/>

  <!-- Enterprise edition dependencies -->
  <project groups="notdefault,cb_sg_enterprise" name="go-fleecedelta" path="godeps/src/github.com/couchbaselabs/go-fleecedelta" remote="couchbaselabs_private" revision="68cf89ddc17d5fed0c1424083439585bec964590"/>
  <project groups="notdefault,cb_sg_enterprise" name="go-diff" path="godeps/src/github.com/sergi/go-diff" remote="couchbasedeps" revision="da645544ed44df016359bd4c0e3dc60ee3a0da43"/>

  <!-- gozip tools -->
  <project name="ns_server" path="godeps/src/github.com/couchbase/ns_server" remote="couchbase" revision="6d835931f574f25e3781192c09e45a3ee30deb51"/>

  <!-- gosigar -->
  <project name="gosigar" path="godeps/src/github.com/elastic/gosigar" remote="couchbasedeps" revision="f498c67133bcded80f5966ee63acfe68cff4e6bf"/>
  <project name="wmi" path="godeps/src/github.com/StackExchange/wmi" remote="couchbasedeps" revision="b12b22c5341f0c26d88c4d66176330500e84db68"/>
  <project name="go-ole" path="godeps/src/github.com/go-ole/go-ole" remote="couchbasedeps" revision="ae2e2a20879aabdd3a51104ab6a4328af2773948"/>


  <project name="gopsutil" path="godeps/src/github.com/shirou/gopsutil" remote="couchbasedeps" revision="cce2d16538b41615132a07ec08d5bdc91c1851e3"/>


</manifest>
